Word,Sentiment Score
abandon,-1.0
abandoned,-1.0
abandoning,-1.0
abandonment,-1.0
abandonments,-1.0
abandons,-1.0
abdicated,-1.0
abdicates,-1.0
abdicating,-1.0
abdication,-1.0
abdications,-1.0
aberrant,-1.0
aberration,-1.0
aberrational,-1.0
aberrations,-1.0
abetting,-1.0
able,1.0
abnormal,-1.0
abnormalities,-1.0
abnormality,-1.0
abnormally,-1.0
abolish,-1.0
abolished,-1.0
abolishes,-1.0
abolishing,-1.0
abrogate,-1.0
abrogated,-1.0
abrogates,-1.0
abrogating,-1.0
abrogation,-1.0
abrogations,-1.0
abrupt,-1.0
abruptly,-1.0
abruptness,-1.0
absence,-1.0
absences,-1.0
absenteeism,-1.0
abundance,1.0
abundant,1.0
abuse,-1.0
abused,-1.0
abuses,-1.0
abusing,-1.0
abusive,-1.0
abusively,-1.0
abusiveness,-1.0
accident,-1.0
accidental,-1.0
accidentally,-1.0
accidents,-1.0
acclaimed,1.0
accomplish,1.0
accomplished,1.0
accomplishes,1.0
accomplishing,1.0
accomplishment,1.0
accomplishments,1.0
accusation,-1.0
accusations,-1.0
accuse,-1.0
accused,-1.0
accuses,-1.0
accusing,-1.0
achieve,1.0
achieved,1.0
achievement,1.0
achievements,1.0
achieves,1.0
achieving,1.0
acquiesce,-1.0
acquiesced,-1.0
acquiesces,-1.0
acquiescing,-1.0
acquit,-1.0
acquits,-1.0
acquittal,-1.0
acquittals,-1.0
acquitted,-1.0
acquitting,-1.0
adequately,1.0
adulterate,-1.0
adulterated,-1.0
adulterating,-1.0
adulteration,-1.0
adulterations,-1.0
advancement,1.0
advancements,1.0
advances,1.0
advancing,1.0
advantage,1.0
advantaged,1.0
advantageous,1.0
advantageously,1.0
advantages,1.0
adversarial,-1.0
adversaries,-1.0
adversary,-1.0
adverse,-1.0
adversely,-1.0
adversities,-1.0
adversity,-1.0
aftermath,-1.0
aftermaths,-1.0
against,-1.0
aggravate,-1.0
aggravated,-1.0
aggravates,-1.0
aggravating,-1.0
aggravation,-1.0
aggravations,-1.0
alerted,-1.0
alerting,-1.0
alienate,-1.0
alienated,-1.0
alienates,-1.0
alienating,-1.0
alienation,-1.0
alienations,-1.0
allegation,-1.0
allegations,-1.0
allege,-1.0
alleged,-1.0
allegedly,-1.0
alleges,-1.0
alleging,-1.0
alliance,1.0
alliances,1.0
annoy,-1.0
annoyance,-1.0
annoyances,-1.0
annoyed,-1.0
annoying,-1.0
annoys,-1.0
annul,-1.0
annulled,-1.0
annulling,-1.0
annulment,-1.0
annulments,-1.0
annuls,-1.0
anomalies,-1.0
anomalous,-1.0
anomalously,-1.0
anomaly,-1.0
anticompetitive,-1.0
antitrust,-1.0
argue,-1.0
argued,-1.0
arguing,-1.0
argument,-1.0
argumentative,-1.0
arguments,-1.0
arrearage,-1.0
arrearages,-1.0
arrears,-1.0
arrest,-1.0
arrested,-1.0
arrests,-1.0
artificially,-1.0
assault,-1.0
assaulted,-1.0
assaulting,-1.0
assaults,-1.0
assertions,-1.0
assure,1.0
assured,1.0
assures,1.0
assuring,1.0
attain,1.0
attained,1.0
attaining,1.0
attainment,1.0
attainments,1.0
attains,1.0
attractive,1.0
attractiveness,1.0
attrition,-1.0
aversely,-1.0
backdating,-1.0
bad,-1.0
bail,-1.0
bailout,-1.0
balk,-1.0
balked,-1.0
bankrupt,-1.0
bankruptcies,-1.0
bankruptcy,-1.0
bankrupted,-1.0
bankrupting,-1.0
bankrupts,-1.0
bans,-1.0
barred,-1.0
barrier,-1.0
barriers,-1.0
beautiful,1.0
beautifully,1.0
beneficial,1.0
beneficially,1.0
benefit,1.0
benefited,1.0
benefiting,1.0
benefitted,1.0
benefitting,1.0
best,1.0
better,1.0
bolstered,1.0
bolstering,1.0
bolsters,1.0
boom,1.0
booming,1.0
boost,1.0
boosted,1.0
bottleneck,-1.0
bottlenecks,-1.0
boycott,-1.0
boycotted,-1.0
boycotting,-1.0
boycotts,-1.0
breach,-1.0
breached,-1.0
breaches,-1.0
breaching,-1.0
break,-1.0
breakage,-1.0
breakages,-1.0
breakdown,-1.0
breakdowns,-1.0
breaking,-1.0
breaks,-1.0
breakthrough,1.0
breakthroughs,1.0
bribe,-1.0
bribed,-1.0
briberies,-1.0
bribery,-1.0
bribes,-1.0
bribing,-1.0
bridge,-1.0
brilliant,1.0
broken,-1.0
burden,-1.0
burdened,-1.0
burdening,-1.0
burdens,-1.0
burdensome,-1.0
burned,-1.0
calamities,-1.0
calamitous,-1.0
calamity,-1.0
cancel,-1.0
canceled,-1.0
canceling,-1.0
cancellation,-1.0
cancellations,-1.0
cancelled,-1.0
cancelling,-1.0
cancels,-1.0
careless,-1.0
carelessly,-1.0
carelessness,-1.0
catastrophe,-1.0
catastrophes,-1.0
catastrophic,-1.0
catastrophically,-1.0
caution,-1.0
cautionary,-1.0
cautioned,-1.0
cautioning,-1.0
cautions,-1.0
cease,-1.0
ceased,-1.0
ceases,-1.0
ceasing,-1.0
censure,-1.0
censured,-1.0
censures,-1.0
censuring,-1.0
challenge,-1.0
challenged,-1.0
challenges,-1.0
challenging,-1.0
chargeoffs,-1.0
charitable,1.0
circumvent,-1.0
circumvented,-1.0
circumventing,-1.0
circumvention,-1.0
circumventions,-1.0
circumvents,-1.0
claiming,-1.0
claims,-1.0
clawback,-1.0
closed,-1.0
closeout,-1.0
closeouts,-1.0
closing,-1.0
closings,-1.0
closure,-1.0
closures,-1.0
coerce,-1.0
coerced,-1.0
coerces,-1.0
coercing,-1.0
coercion,-1.0
coercive,-1.0
collaborate,1.0
collaborated,1.0
collaborates,1.0
collaborating,1.0
collaboration,1.0
collaborations,1.0
collaborative,1.0
collaborator,1.0
collaborators,1.0
collapse,-1.0
collapsed,-1.0
collapses,-1.0
collapsing,-1.0
collision,-1.0
collisions,-1.0
collude,-1.0
colluded,-1.0
colludes,-1.0
colluding,-1.0
collusion,-1.0
collusions,-1.0
collusive,-1.0
complain,-1.0
complained,-1.0
complaining,-1.0
complains,-1.0
complaint,-1.0
complaints,-1.0
complicate,-1.0
complicated,-1.0
complicates,-1.0
complicating,-1.0
complication,-1.0
complications,-1.0
compliment,1.0
complimentary,1.0
complimented,1.0
complimenting,1.0
compliments,1.0
compulsion,-1.0
concealed,-1.0
concealing,-1.0
concede,-1.0
conceded,-1.0
concedes,-1.0
conceding,-1.0
concern,-1.0
concerned,-1.0
concerns,-1.0
conciliating,-1.0
conciliation,-1.0
conciliations,-1.0
conclusive,1.0
conclusively,1.0
condemn,-1.0
condemnation,-1.0
condemnations,-1.0
condemned,-1.0
condemning,-1.0
condemns,-1.0
condone,-1.0
condoned,-1.0
conducive,1.0
confess,-1.0
confessed,-1.0
confesses,-1.0
confessing,-1.0
confession,-1.0
confident,1.0
confine,-1.0
confined,-1.0
confinement,-1.0
confinements,-1.0
confines,-1.0
confining,-1.0
confiscate,-1.0
confiscated,-1.0
confiscates,-1.0
confiscating,-1.0
confiscation,-1.0
confiscations,-1.0
conflict,-1.0
conflicted,-1.0
conflicting,-1.0
conflicts,-1.0
confront,-1.0
confrontation,-1.0
confrontational,-1.0
confrontations,-1.0
confronted,-1.0
confronting,-1.0
confronts,-1.0
confuse,-1.0
confused,-1.0
confuses,-1.0
confusing,-1.0
confusingly,-1.0
confusion,-1.0
conspiracies,-1.0
conspiracy,-1.0
conspirator,-1.0
conspiratorial,-1.0
conspirators,-1.0
conspire,-1.0
conspired,-1.0
conspires,-1.0
conspiring,-1.0
constructive,1.0
constructively,1.0
contempt,-1.0
contend,-1.0
contended,-1.0
contending,-1.0
contends,-1.0
contention,-1.0
contentions,-1.0
contentious,-1.0
contentiously,-1.0
contested,-1.0
contesting,-1.0
contraction,-1.0
contractions,-1.0
contradict,-1.0
contradicted,-1.0
contradicting,-1.0
contradiction,-1.0
contradictions,-1.0
contradictory,-1.0
contradicts,-1.0
contrary,-1.0
controversial,-1.0
controversies,-1.0
controversy,-1.0
convict,-1.0
convicted,-1.0
convicting,-1.0
conviction,-1.0
convictions,-1.0
corrected,-1.0
correcting,-1.0
correction,-1.0
corrections,-1.0
corrects,-1.0
corrupt,-1.0
corrupted,-1.0
corrupting,-1.0
corruption,-1.0
corruptions,-1.0
corruptly,-1.0
corruptness,-1.0
costly,-1.0
counterclaim,-1.0
counterclaimed,-1.0
counterclaiming,-1.0
counterclaims,-1.0
counterfeit,-1.0
counterfeited,-1.0
counterfeiter,-1.0
counterfeiters,-1.0
counterfeiting,-1.0
counterfeits,-1.0
countermeasure,-1.0
countermeasures,-1.0
courteous,1.0
creative,1.0
creatively,1.0
creativeness,1.0
creativity,1.0
crime,-1.0
crimes,-1.0
criminal,-1.0
criminally,-1.0
criminals,-1.0
crises,-1.0
crisis,-1.0
critical,-1.0
critically,-1.0
criticism,-1.0
criticisms,-1.0
criticize,-1.0
criticized,-1.0
criticizes,-1.0
criticizing,-1.0
crucial,-1.0
crucially,-1.0
culpability,-1.0
culpable,-1.0
culpably,-1.0
cumbersome,-1.0
curtail,-1.0
curtailed,-1.0
curtailing,-1.0
curtailment,-1.0
curtailments,-1.0
curtails,-1.0
cut,-1.0
cutback,-1.0
cutbacks,-1.0
cyberattack,-1.0
cyberattacks,-1.0
cyberbullying,-1.0
cybercrime,-1.0
cybercrimes,-1.0
cybercriminal,-1.0
cybercriminals,-1.0
damage,-1.0
damaged,-1.0
damages,-1.0
damaging,-1.0
dampen,-1.0
dampened,-1.0
danger,-1.0
dangerous,-1.0
dangerously,-1.0
dangers,-1.0
deadlock,-1.0
deadlocked,-1.0
deadlocking,-1.0
deadlocks,-1.0
deadweight,-1.0
deadweights,-1.0
debarment,-1.0
debarments,-1.0
debarred,-1.0
deceased,-1.0
deceit,-1.0
deceitful,-1.0
deceitfulness,-1.0
deceive,-1.0
deceived,-1.0
deceives,-1.0
deceiving,-1.0
deception,-1.0
deceptions,-1.0
deceptive,-1.0
deceptively,-1.0
decline,-1.0
declined,-1.0
declines,-1.0
declining,-1.0
deface,-1.0
defaced,-1.0
defacement,-1.0
defamation,-1.0
defamations,-1.0
defamatory,-1.0
defame,-1.0
defamed,-1.0
defames,-1.0
defaming,-1.0
default,-1.0
defaulted,-1.0
defaulting,-1.0
defaults,-1.0
defeat,-1.0
defeated,-1.0
defeating,-1.0
defeats,-1.0
defect,-1.0
defective,-1.0
defects,-1.0
defend,-1.0
defendant,-1.0
defendants,-1.0
defended,-1.0
defending,-1.0
defends,-1.0
defensive,-1.0
defer,-1.0
deficiencies,-1.0
deficiency,-1.0
deficient,-1.0
deficit,-1.0
deficits,-1.0
defraud,-1.0
defrauded,-1.0
defrauding,-1.0
defrauds,-1.0
defunct,-1.0
degradation,-1.0
degradations,-1.0
degrade,-1.0
degraded,-1.0
degrades,-1.0
degrading,-1.0
delay,-1.0
delayed,-1.0
delaying,-1.0
delays,-1.0
deleterious,-1.0
deliberate,-1.0
deliberated,-1.0
deliberately,-1.0
delight,1.0
delighted,1.0
delightful,1.0
delightfully,1.0
delighting,1.0
delights,1.0
delinquencies,-1.0
delinquency,-1.0
delinquent,-1.0
delinquently,-1.0
delinquents,-1.0
delist,-1.0
delisted,-1.0
delisting,-1.0
delists,-1.0
demise,-1.0
demised,-1.0
demises,-1.0
demising,-1.0
demolish,-1.0
demolished,-1.0
demolishes,-1.0
demolishing,-1.0
demolition,-1.0
demolitions,-1.0
demote,-1.0
demoted,-1.0
demotes,-1.0
demoting,-1.0
demotion,-1.0
demotions,-1.0
denial,-1.0
denials,-1.0
denied,-1.0
denies,-1.0
denigrate,-1.0
denigrated,-1.0
denigrates,-1.0
denigrating,-1.0
denigration,-1.0
deny,-1.0
denying,-1.0
dependability,1.0
dependable,1.0
deplete,-1.0
depleted,-1.0
depletes,-1.0
depleting,-1.0
depletion,-1.0
depletions,-1.0
deprecation,-1.0
depress,-1.0
depressed,-1.0
depresses,-1.0
depressing,-1.0
deprivation,-1.0
deprive,-1.0
deprived,-1.0
deprives,-1.0
depriving,-1.0
derelict,-1.0
dereliction,-1.0
derogatory,-1.0
desirable,1.0
desired,1.0
despite,1.0
destabilization,-1.0
destabilize,-1.0
destabilized,-1.0
destabilizing,-1.0
destined,1.0
destroy,-1.0
destroyed,-1.0
destroying,-1.0
destroys,-1.0
destruction,-1.0
destructive,-1.0
detain,-1.0
detained,-1.0
detention,-1.0
detentions,-1.0
deter,-1.0
deteriorate,-1.0
deteriorated,-1.0
deteriorates,-1.0
deteriorating,-1.0
deterioration,-1.0
deteriorations,-1.0
deterred,-1.0
deterrence,-1.0
deterrences,-1.0
deterrent,-1.0
deterrents,-1.0
deterring,-1.0
deters,-1.0
detract,-1.0
detracted,-1.0
detracting,-1.0
detriment,-1.0
detrimental,-1.0
detrimentally,-1.0
detriments,-1.0
devalue,-1.0
devalued,-1.0
devalues,-1.0
devaluing,-1.0
devastate,-1.0
devastated,-1.0
devastating,-1.0
devastation,-1.0
deviate,-1.0
deviated,-1.0
deviates,-1.0
deviating,-1.0
deviation,-1.0
deviations,-1.0
devolve,-1.0
devolved,-1.0
devolves,-1.0
devolving,-1.0
difficult,-1.0
difficulties,-1.0
difficultly,-1.0
difficulty,-1.0
diligent,1.0
diligently,1.0
diminish,-1.0
diminished,-1.0
diminishes,-1.0
diminishing,-1.0
diminution,-1.0
disadvantage,-1.0
disadvantaged,-1.0
disadvantageous,-1.0
disadvantages,-1.0
disaffiliation,-1.0
disagree,-1.0
disagreeable,-1.0
disagreed,-1.0
disagreeing,-1.0
disagreement,-1.0
disagreements,-1.0
disagrees,-1.0
disallow,-1.0
disallowance,-1.0
disallowances,-1.0
disallowed,-1.0
disallowing,-1.0
disallows,-1.0
disappear,-1.0
disappearance,-1.0
disappearances,-1.0
disappeared,-1.0
disappearing,-1.0
disappears,-1.0
disappoint,-1.0
disappointed,-1.0
disappointing,-1.0
disappointingly,-1.0
disappointment,-1.0
disappointments,-1.0
disappoints,-1.0
disapproval,-1.0
disapprovals,-1.0
disapprove,-1.0
disapproved,-1.0
disapproves,-1.0
disapproving,-1.0
disassociates,-1.0
disassociating,-1.0
disassociation,-1.0
disassociations,-1.0
disaster,-1.0
disasters,-1.0
disastrous,-1.0
disastrously,-1.0
disavow,-1.0
disavowal,-1.0
disavowed,-1.0
disavowing,-1.0
disavows,-1.0
disciplinary,-1.0
disclaim,-1.0
disclaimed,-1.0
disclaimer,-1.0
disclaimers,-1.0
disclaiming,-1.0
disclaims,-1.0
disclose,-1.0
disclosed,-1.0
discloses,-1.0
disclosing,-1.0
discontinuance,-1.0
discontinuances,-1.0
discontinuation,-1.0
discontinuations,-1.0
discontinue,-1.0
discontinued,-1.0
discontinues,-1.0
discontinuing,-1.0
discourage,-1.0
discouraged,-1.0
discourages,-1.0
discouraging,-1.0
discredit,-1.0
discredited,-1.0
discrediting,-1.0
discredits,-1.0
discrepancies,-1.0
discrepancy,-1.0
disfavor,-1.0
disfavored,-1.0
disfavoring,-1.0
disfavors,-1.0
disgorge,-1.0
disgorged,-1.0
disgorgement,-1.0
disgorgements,-1.0
disgorges,-1.0
disgorging,-1.0
disgrace,-1.0
disgraceful,-1.0
disgracefully,-1.0
dishonest,-1.0
dishonestly,-1.0
dishonesty,-1.0
dishonor,-1.0
dishonorable,-1.0
dishonorably,-1.0
dishonored,-1.0
dishonoring,-1.0
dishonors,-1.0
disincentives,-1.0
disinterested,-1.0
disinterestedly,-1.0
disinterestedness,-1.0
disloyal,-1.0
disloyally,-1.0
disloyalty,-1.0
dismal,-1.0
dismally,-1.0
dismiss,-1.0
dismissal,-1.0
dismissals,-1.0
dismissed,-1.0
dismisses,-1.0
dismissing,-1.0
disorderly,-1.0
disparage,-1.0
disparaged,-1.0
disparagement,-1.0
disparagements,-1.0
disparages,-1.0
disparaging,-1.0
disparagingly,-1.0
disparities,-1.0
disparity,-1.0
displace,-1.0
displaced,-1.0
displacement,-1.0
displacements,-1.0
displaces,-1.0
displacing,-1.0
dispose,-1.0
dispossess,-1.0
dispossessed,-1.0
dispossesses,-1.0
dispossessing,-1.0
disproportion,-1.0
disproportional,-1.0
disproportionate,-1.0
disproportionately,-1.0
dispute,-1.0
disputed,-1.0
disputes,-1.0
disputing,-1.0
disqualification,-1.0
disqualifications,-1.0
disqualified,-1.0
disqualifies,-1.0
disqualify,-1.0
disqualifying,-1.0
disregard,-1.0
disregarded,-1.0
disregarding,-1.0
disregards,-1.0
disreputable,-1.0
disrepute,-1.0
disrupt,-1.0
disrupted,-1.0
disrupting,-1.0
disruption,-1.0
disruptions,-1.0
disruptive,-1.0
disrupts,-1.0
dissatisfaction,-1.0
dissatisfied,-1.0
dissent,-1.0
dissented,-1.0
dissenter,-1.0
dissenters,-1.0
dissenting,-1.0
dissents,-1.0
dissident,-1.0
dissidents,-1.0
dissolution,-1.0
dissolutions,-1.0
distinction,1.0
distinctions,1.0
distinctive,1.0
distinctively,1.0
distinctiveness,1.0
distort,-1.0
distorted,-1.0
distorting,-1.0
distortion,-1.0
distortions,-1.0
distorts,-1.0
distract,-1.0
distracted,-1.0
distracting,-1.0
distraction,-1.0
distractions,-1.0
distracts,-1.0
distress,-1.0
distressed,-1.0
disturb,-1.0
disturbance,-1.0
disturbances,-1.0
disturbed,-1.0
disturbing,-1.0
disturbs,-1.0
diversion,-1.0
divert,-1.0
diverted,-1.0
diverting,-1.0
diverts,-1.0
divest,-1.0
divested,-1.0
divesting,-1.0
divestiture,-1.0
divestitures,-1.0
divestment,-1.0
divestments,-1.0
divests,-1.0
divorce,-1.0
divorced,-1.0
divulge,-1.0
divulged,-1.0
divulges,-1.0
divulging,-1.0
doubt,-1.0
doubted,-1.0
doubtful,-1.0
doubts,-1.0
downgrade,-1.0
downgraded,-1.0
downgrades,-1.0
downgrading,-1.0
downsize,-1.0
downsized,-1.0
downsizes,-1.0
downsizing,-1.0
downsizings,-1.0
downtime,-1.0
downtimes,-1.0
downturn,-1.0
downturns,-1.0
downward,-1.0
downwards,-1.0
drag,-1.0
drastic,-1.0
drastically,-1.0
drawback,-1.0
drawbacks,-1.0
dream,1.0
dropped,-1.0
drought,-1.0
droughts,-1.0
duress,-1.0
dysfunction,-1.0
dysfunctional,-1.0
dysfunctions,-1.0
easier,1.0
easily,1.0
easing,-1.0
easy,1.0
effective,1.0
efficiencies,1.0
efficiency,1.0
efficient,1.0
efficiently,1.0
egregious,-1.0
egregiously,-1.0
embargo,-1.0
embargoed,-1.0
embargoes,-1.0
embargoing,-1.0
embarrass,-1.0
embarrassed,-1.0
embarrasses,-1.0
embarrassing,-1.0
embarrassment,-1.0
embarrassments,-1.0
embezzle,-1.0
embezzled,-1.0
embezzlement,-1.0
embezzlements,-1.0
embezzler,-1.0
embezzles,-1.0
embezzling,-1.0
empower,1.0
empowered,1.0
empowering,1.0
empowers,1.0
enable,1.0
enabled,1.0
enables,1.0
enabling,1.0
encouraged,1.0
encouragement,1.0
encourages,1.0
encouraging,1.0
encroach,-1.0
encroached,-1.0
encroaches,-1.0
encroaching,-1.0
encroachment,-1.0
encroachments,-1.0
encumber,-1.0
encumbered,-1.0
encumbering,-1.0
encumbers,-1.0
encumbrance,-1.0
encumbrances,-1.0
endanger,-1.0
endangered,-1.0
endangering,-1.0
endangerment,-1.0
endangers,-1.0
enhance,1.0
enhanced,1.0
enhancement,1.0
enhancements,1.0
enhances,1.0
enhancing,1.0
enjoin,-1.0
enjoined,-1.0
enjoining,-1.0
enjoins,-1.0
enjoy,1.0
enjoyable,1.0
enjoyably,1.0
enjoyed,1.0
enjoying,1.0
enjoyment,1.0
enjoys,1.0
enthusiasm,1.0
enthusiastic,1.0
enthusiastically,1.0
erode,-1.0
eroded,-1.0
erodes,-1.0
eroding,-1.0
erosion,-1.0
erratic,-1.0
erratically,-1.0
erred,-1.0
erring,-1.0
erroneous,-1.0
erroneously,-1.0
error,-1.0
errors,-1.0
errs,-1.0
escalate,-1.0
escalated,-1.0
escalates,-1.0
escalating,-1.0
evade,-1.0
evaded,-1.0
evades,-1.0
evading,-1.0
evasion,-1.0
evasions,-1.0
evasive,-1.0
evict,-1.0
evicted,-1.0
evicting,-1.0
eviction,-1.0
evictions,-1.0
evicts,-1.0
exacerbate,-1.0
exacerbated,-1.0
exacerbates,-1.0
exacerbating,-1.0
exacerbation,-1.0
exacerbations,-1.0
exaggerate,-1.0
exaggerated,-1.0
exaggerates,-1.0
exaggerating,-1.0
exaggeration,-1.0
excellence,1.0
excellent,1.0
excelling,1.0
excels,1.0
exceptional,1.0
exceptionally,1.0
excessive,-1.0
excessively,-1.0
excited,1.0
excitement,1.0
exciting,1.0
exclusive,1.0
exclusively,1.0
exclusiveness,1.0
exclusives,1.0
exclusivity,1.0
exculpate,-1.0
exculpated,-1.0
exculpates,-1.0
exculpating,-1.0
exculpation,-1.0
exculpations,-1.0
exculpatory,-1.0
exemplary,1.0
exonerate,-1.0
exonerated,-1.0
exonerates,-1.0
exonerating,-1.0
exoneration,-1.0
exonerations,-1.0
exploit,-1.0
exploitation,-1.0
exploitations,-1.0
exploitative,-1.0
exploited,-1.0
exploiting,-1.0
exploits,-1.0
expose,-1.0
exposed,-1.0
exposes,-1.0
exposing,-1.0
expropriate,-1.0
expropriated,-1.0
expropriates,-1.0
expropriating,-1.0
expropriation,-1.0
expropriations,-1.0
expulsion,-1.0
expulsions,-1.0
extenuating,-1.0
fail,-1.0
failed,-1.0
failing,-1.0
failings,-1.0
fails,-1.0
failure,-1.0
failures,-1.0
fallout,-1.0
false,-1.0
falsely,-1.0
falsification,-1.0
falsifications,-1.0
falsified,-1.0
falsifies,-1.0
falsify,-1.0
falsifying,-1.0
falsity,-1.0
fantastic,1.0
fatalities,-1.0
fatality,-1.0
fatally,-1.0
fault,-1.0
faulted,-1.0
faults,-1.0
faulty,-1.0
favorable,1.0
favorably,1.0
favored,1.0
favoring,1.0
favorite,1.0
favorites,1.0
fear,-1.0
fears,-1.0
felonies,-1.0
felonious,-1.0
felony,-1.0
fictitious,-1.0
fined,-1.0
fines,-1.0
fired,-1.0
firing,-1.0
flaw,-1.0
flawed,-1.0
flaws,-1.0
forbid,-1.0
forbidden,-1.0
forbidding,-1.0
forbids,-1.0
force,-1.0
forced,-1.0
forcing,-1.0
foreclose,-1.0
foreclosed,-1.0
forecloses,-1.0
foreclosing,-1.0
foreclosure,-1.0
foreclosures,-1.0
forego,-1.0
foregoes,-1.0
foregone,-1.0
forestall,-1.0
forestalled,-1.0
forestalling,-1.0
forestalls,-1.0
forfeit,-1.0
forfeited,-1.0
forfeiting,-1.0
forfeits,-1.0
forfeiture,-1.0
forfeitures,-1.0
forgers,-1.0
forgery,-1.0
fraud,-1.0
frauds,-1.0
fraudulence,-1.0
fraudulent,-1.0
fraudulently,-1.0
friendly,1.0
frivolous,-1.0
frivolously,-1.0
frustrate,-1.0
frustrated,-1.0
frustrates,-1.0
frustrating,-1.0
frustratingly,-1.0
frustration,-1.0
frustrations,-1.0
fugitive,-1.0
fugitives,-1.0
gain,1.0
gained,1.0
gaining,1.0
gains,1.0
good,1.0
gratuitous,-1.0
gratuitously,-1.0
great,1.0
greater,1.0
greatest,1.0
greatly,1.0
greatness,1.0
grievance,-1.0
grievances,-1.0
grossly,-1.0
groundless,-1.0
guilty,-1.0
halt,-1.0
halted,-1.0
hamper,-1.0
hampered,-1.0
hampering,-1.0
hampers,-1.0
happiest,1.0
happily,1.0
happiness,1.0
happy,1.0
harass,-1.0
harassed,-1.0
harassing,-1.0
harassment,-1.0
hardship,-1.0
hardships,-1.0
harm,-1.0
harmed,-1.0
harmful,-1.0
harmfully,-1.0
harming,-1.0
harms,-1.0
harsh,-1.0
harsher,-1.0
harshest,-1.0
harshly,-1.0
harshness,-1.0
hazard,-1.0
hazardous,-1.0
hazards,-1.0
highest,1.0
hinder,-1.0
hindered,-1.0
hindering,-1.0
hinders,-1.0
hindrance,-1.0
hindrances,-1.0
honor,1.0
honorable,1.0
honored,1.0
honoring,1.0
honors,1.0
hostile,-1.0
hostility,-1.0
hurt,-1.0
hurting,-1.0
ideal,1.0
idle,-1.0
idled,-1.0
idling,-1.0
ignore,-1.0
ignored,-1.0
ignores,-1.0
ignoring,-1.0
ill,-1.0
illegal,-1.0
illegalities,-1.0
illegality,-1.0
illegally,-1.0
illegible,-1.0
illicit,-1.0
illicitly,-1.0
illiquid,-1.0
illiquidity,-1.0
imbalance,-1.0
imbalances,-1.0
immature,-1.0
immoral,-1.0
impair,-1.0
impaired,-1.0
impairing,-1.0
impairment,-1.0
impairments,-1.0
impairs,-1.0
impasse,-1.0
impasses,-1.0
impede,-1.0
impeded,-1.0
impedes,-1.0
impediment,-1.0
impediments,-1.0
impeding,-1.0
impending,-1.0
imperative,-1.0
imperfection,-1.0
imperfections,-1.0
imperil,-1.0
impermissible,-1.0
implicate,-1.0
implicated,-1.0
implicates,-1.0
implicating,-1.0
impossibility,-1.0
impossible,-1.0
impound,-1.0
impounded,-1.0
impounding,-1.0
impounds,-1.0
impracticable,-1.0
impractical,-1.0
impracticalities,-1.0
impracticality,-1.0
impress,1.0
impressed,1.0
impresses,1.0
impressing,1.0
impressive,1.0
impressively,1.0
imprisonment,-1.0
improper,-1.0
improperly,-1.0
improprieties,-1.0
impropriety,-1.0
improve,1.0
improved,1.0
improvement,1.0
improvements,1.0
improves,1.0
improving,1.0
imprudent,-1.0
imprudently,-1.0
inability,-1.0
inaccessible,-1.0
inaccuracies,-1.0
inaccuracy,-1.0
inaccurate,-1.0
inaccurately,-1.0
inaction,-1.0
inactions,-1.0
inactivate,-1.0
inactivated,-1.0
inactivates,-1.0
inactivating,-1.0
inactivation,-1.0
inactivations,-1.0
inactivity,-1.0
inadequacies,-1.0
inadequacy,-1.0
inadequate,-1.0
inadequately,-1.0
inadvertent,-1.0
inadvertently,-1.0
inadvisability,-1.0
inadvisable,-1.0
inappropriate,-1.0
inappropriately,-1.0
inattention,-1.0
incapable,-1.0
incapacitated,-1.0
incapacity,-1.0
incarcerate,-1.0
incarcerated,-1.0
incarcerates,-1.0
incarcerating,-1.0
incarceration,-1.0
incarcerations,-1.0
incidence,-1.0
incidences,-1.0
incident,-1.0
incidents,-1.0
incompatibilities,-1.0
incompatibility,-1.0
incompatible,-1.0
incompetence,-1.0
incompetency,-1.0
incompetent,-1.0
incompetently,-1.0
incompetents,-1.0
incomplete,-1.0
incompletely,-1.0
incompleteness,-1.0
inconclusive,-1.0
inconsistencies,-1.0
inconsistency,-1.0
inconsistent,-1.0
inconsistently,-1.0
inconvenience,-1.0
inconveniences,-1.0
inconvenient,-1.0
incorrect,-1.0
incorrectly,-1.0
incorrectness,-1.0
incredible,1.0
incredibly,1.0
indecency,-1.0
indecent,-1.0
indefeasible,-1.0
indefeasibly,-1.0
indict,-1.0
indictable,-1.0
indicted,-1.0
indicting,-1.0
indictment,-1.0
indictments,-1.0
ineffective,-1.0
ineffectively,-1.0
ineffectiveness,-1.0
inefficiencies,-1.0
inefficiency,-1.0
inefficient,-1.0
inefficiently,-1.0
ineligibility,-1.0
ineligible,-1.0
inequitable,-1.0
inequitably,-1.0
inequities,-1.0
inequity,-1.0
inevitable,-1.0
inexperience,-1.0
inexperienced,-1.0
inferior,-1.0
inflicted,-1.0
influential,1.0
informative,1.0
infraction,-1.0
infractions,-1.0
infringe,-1.0
infringed,-1.0
infringement,-1.0
infringements,-1.0
infringes,-1.0
infringing,-1.0
ingenuity,1.0
inhibited,-1.0
inimical,-1.0
injunction,-1.0
injunctions,-1.0
injure,-1.0
injured,-1.0
injures,-1.0
injuries,-1.0
injuring,-1.0
injurious,-1.0
injury,-1.0
innovate,1.0
innovated,1.0
innovates,1.0
innovating,1.0
innovation,1.0
innovations,1.0
innovative,1.0
innovativeness,1.0
innovator,1.0
innovators,1.0
inordinate,-1.0
inordinately,-1.0
inquiry,-1.0
insecure,-1.0
insensitive,-1.0
insightful,1.0
insolvencies,-1.0
insolvency,-1.0
insolvent,-1.0
inspiration,1.0
inspirational,1.0
instability,-1.0
insubordination,-1.0
insufficiency,-1.0
insufficient,-1.0
insufficiently,-1.0
insurrection,-1.0
insurrections,-1.0
integrity,1.0
intentional,-1.0
interfere,-1.0
interfered,-1.0
interference,-1.0
interferences,-1.0
interferes,-1.0
interfering,-1.0
intermittent,-1.0
intermittently,-1.0
interrupt,-1.0
interrupted,-1.0
interrupting,-1.0
interruption,-1.0
interruptions,-1.0
interrupts,-1.0
intimidation,-1.0
intrusion,-1.0
invalid,-1.0
invalidate,-1.0
invalidated,-1.0
invalidates,-1.0
invalidating,-1.0
invalidation,-1.0
invalidity,-1.0
invent,1.0
invented,1.0
inventing,1.0
invention,1.0
inventions,1.0
inventive,1.0
inventiveness,1.0
inventor,1.0
inventors,1.0
investigate,-1.0
investigated,-1.0
investigates,-1.0
investigating,-1.0
investigation,-1.0
investigations,-1.0
involuntarily,-1.0
involuntary,-1.0
irreconcilable,-1.0
irreconcilably,-1.0
irrecoverable,-1.0
irrecoverably,-1.0
irregular,-1.0
irregularities,-1.0
irregularity,-1.0
irregularly,-1.0
irreparable,-1.0
irreparably,-1.0
irreversible,-1.0
jeopardize,-1.0
jeopardized,-1.0
justifiable,-1.0
kickback,-1.0
kickbacks,-1.0
knowingly,-1.0
lack,-1.0
lacked,-1.0
lacking,-1.0
lackluster,-1.0
lacks,-1.0
lag,-1.0
lagged,-1.0
lagging,-1.0
lags,-1.0
lapse,-1.0
lapsed,-1.0
lapses,-1.0
lapsing,-1.0
late,-1.0
laundering,-1.0
layoff,-1.0
layoffs,-1.0
leadership,1.0
leading,1.0
lie,-1.0
limitation,-1.0
limitations,-1.0
lingering,-1.0
liquidate,-1.0
liquidated,-1.0
liquidates,-1.0
liquidating,-1.0
liquidation,-1.0
liquidations,-1.0
liquidator,-1.0
liquidators,-1.0
litigant,-1.0
litigants,-1.0
litigate,-1.0
litigated,-1.0
litigates,-1.0
litigating,-1.0
litigation,-1.0
litigations,-1.0
lockout,-1.0
lockouts,-1.0
lose,-1.0
loses,-1.0
losing,-1.0
loss,-1.0
losses,-1.0
lost,-1.0
loyal,1.0
lucrative,1.0
lying,-1.0
malfeasance,-1.0
malfunction,-1.0
malfunctioned,-1.0
malfunctioning,-1.0
malfunctions,-1.0
malice,-1.0
malicious,-1.0
maliciously,-1.0
malpractice,-1.0
manipulate,-1.0
manipulated,-1.0
manipulates,-1.0
manipulating,-1.0
manipulation,-1.0
manipulations,-1.0
manipulative,-1.0
markdown,-1.0
markdowns,-1.0
meritorious,1.0
misapplication,-1.0
misapplications,-1.0
misapplied,-1.0
misapplies,-1.0
misapply,-1.0
misapplying,-1.0
misappropriate,-1.0
misappropriated,-1.0
misappropriates,-1.0
misappropriating,-1.0
misappropriation,-1.0
misappropriations,-1.0
misbranded,-1.0
miscalculate,-1.0
miscalculated,-1.0
miscalculates,-1.0
miscalculating,-1.0
miscalculation,-1.0
miscalculations,-1.0
mischaracterization,-1.0
mischief,-1.0
misclassification,-1.0
misclassifications,-1.0
misclassified,-1.0
misclassify,-1.0
miscommunication,-1.0
misconduct,-1.0
misdated,-1.0
misdemeanor,-1.0
misdemeanors,-1.0
misdirected,-1.0
mishandle,-1.0
mishandled,-1.0
mishandles,-1.0
mishandling,-1.0
misinform,-1.0
misinformation,-1.0
misinformed,-1.0
misinforming,-1.0
misinforms,-1.0
misinterpret,-1.0
misinterpretation,-1.0
misinterpretations,-1.0
misinterpreted,-1.0
misinterpreting,-1.0
misinterprets,-1.0
misjudge,-1.0
misjudged,-1.0
misjudges,-1.0
misjudging,-1.0
misjudgment,-1.0
misjudgments,-1.0
mislabel,-1.0
mislabeled,-1.0
mislabeling,-1.0
mislabelled,-1.0
mislabels,-1.0
mislead,-1.0
misleading,-1.0
misleadingly,-1.0
misleads,-1.0
misled,-1.0
mismanage,-1.0
mismanaged,-1.0
mismanagement,-1.0
mismanages,-1.0
mismanaging,-1.0
mismatch,-1.0
mismatched,-1.0
mismatches,-1.0
mismatching,-1.0
misplaced,-1.0
misprice,-1.0
mispricing,-1.0
mispricings,-1.0
misrepresent,-1.0
misrepresentation,-1.0
misrepresentations,-1.0
misrepresented,-1.0
misrepresenting,-1.0
misrepresents,-1.0
miss,-1.0
missed,-1.0
misses,-1.0
misstate,-1.0
misstated,-1.0
misstatement,-1.0
misstatements,-1.0
misstates,-1.0
misstating,-1.0
misstep,-1.0
missteps,-1.0
mistake,-1.0
mistaken,-1.0
mistakenly,-1.0
mistakes,-1.0
mistaking,-1.0
mistrial,-1.0
mistrials,-1.0
misunderstand,-1.0
misunderstanding,-1.0
misunderstandings,-1.0
misunderstood,-1.0
misuse,-1.0
misused,-1.0
misuses,-1.0
misusing,-1.0
monopolistic,-1.0
monopolists,-1.0
monopolization,-1.0
monopolize,-1.0
monopolized,-1.0
monopolizes,-1.0
monopolizing,-1.0
monopoly,-1.0
moratoria,-1.0
moratorium,-1.0
moratoriums,-1.0
mothballed,-1.0
mothballing,-1.0
negative,-1.0
negatively,-1.0
negatives,-1.0
neglect,-1.0
neglected,-1.0
neglectful,-1.0
neglecting,-1.0
neglects,-1.0
negligence,-1.0
negligences,-1.0
negligent,-1.0
negligently,-1.0
nonattainment,-1.0
noncompetitive,-1.0
noncompliance,-1.0
noncompliances,-1.0
noncompliant,-1.0
noncomplying,-1.0
nonconforming,-1.0
nonconformities,-1.0
nonconformity,-1.0
nondisclosure,-1.0
nonfunctional,-1.0
nonpayment,-1.0
nonpayments,-1.0
nonperformance,-1.0
nonperformances,-1.0
nonperforming,-1.0
nonproducing,-1.0
nonproductive,-1.0
nonrecoverable,-1.0
nonrenewal,-1.0
nuisance,-1.0
nuisances,-1.0
nullification,-1.0
nullifications,-1.0
nullified,-1.0
nullifies,-1.0
nullify,-1.0
nullifying,-1.0
objected,-1.0
objecting,-1.0
objection,-1.0
objectionable,-1.0
objectionably,-1.0
objections,-1.0
obscene,-1.0
obscenity,-1.0
obsolescence,-1.0
obsolete,-1.0
obstacle,-1.0
obstacles,-1.0
obstruct,-1.0
obstructed,-1.0
obstructing,-1.0
obstruction,-1.0
obstructions,-1.0
offence,-1.0
offences,-1.0
offend,-1.0
offended,-1.0
offender,-1.0
offenders,-1.0
offending,-1.0
offends,-1.0
omission,-1.0
omissions,-1.0
omit,-1.0
omits,-1.0
omitted,-1.0
omitting,-1.0
onerous,-1.0
opportunistic,-1.0
opportunistically,-1.0
opportunities,1.0
opportunity,1.0
oppose,-1.0
opposed,-1.0
opposes,-1.0
opposing,-1.0
opposition,-1.0
oppositions,-1.0
optimistic,1.0
outage,-1.0
outages,-1.0
outdated,-1.0
outmoded,-1.0
outperform,1.0
outperformed,1.0
outperforming,1.0
outperforms,1.0
overage,-1.0
overages,-1.0
overbuild,-1.0
overbuilding,-1.0
overbuilds,-1.0
overbuilt,-1.0
overburden,-1.0
overburdened,-1.0
overburdening,-1.0
overcapacities,-1.0
overcapacity,-1.0
overcharge,-1.0
overcharged,-1.0
overcharges,-1.0
overcharging,-1.0
overcome,-1.0
overcomes,-1.0
overcoming,-1.0
overdue,-1.0
overestimate,-1.0
overestimated,-1.0
overestimates,-1.0
overestimating,-1.0
overestimation,-1.0
overestimations,-1.0
overload,-1.0
overloaded,-1.0
overloading,-1.0
overloads,-1.0
overlook,-1.0
overlooked,-1.0
overlooking,-1.0
overlooks,-1.0
overpaid,-1.0
overpayment,-1.0
overpayments,-1.0
overproduced,-1.0
overproduces,-1.0
overproducing,-1.0
overproduction,-1.0
overrun,-1.0
overrunning,-1.0
overruns,-1.0
overshadow,-1.0
overshadowed,-1.0
overshadowing,-1.0
overshadows,-1.0
overstate,-1.0
overstated,-1.0
overstatement,-1.0
overstatements,-1.0
overstates,-1.0
overstating,-1.0
oversupplied,-1.0
oversupplies,-1.0
oversupply,-1.0
oversupplying,-1.0
overtly,-1.0
overturn,-1.0
overturned,-1.0
overturning,-1.0
overturns,-1.0
overvalue,-1.0
overvalued,-1.0
overvaluing,-1.0
panic,-1.0
panics,-1.0
penalize,-1.0
penalized,-1.0
penalizes,-1.0
penalizing,-1.0
penalties,-1.0
penalty,-1.0
perfect,1.0
perfected,1.0
perfectly,1.0
perfects,1.0
peril,-1.0
perils,-1.0
perjury,-1.0
perpetrate,-1.0
perpetrated,-1.0
perpetrates,-1.0
perpetrating,-1.0
perpetration,-1.0
persist,-1.0
persisted,-1.0
persistence,-1.0
persistent,-1.0
persistently,-1.0
persisting,-1.0
persists,-1.0
pervasive,-1.0
pervasively,-1.0
pervasiveness,-1.0
petty,-1.0
picket,-1.0
picketed,-1.0
picketing,-1.0
plaintiff,-1.0
plaintiffs,-1.0
plea,-1.0
plead,-1.0
pleaded,-1.0
pleading,-1.0
pleadings,-1.0
pleads,-1.0
pleas,-1.0
pleasant,1.0
pleasantly,1.0
pleased,1.0
pleasure,1.0
pled,-1.0
plentiful,1.0
poor,-1.0
poorly,-1.0
popular,1.0
popularity,1.0
poses,-1.0
posing,-1.0
positive,1.0
positively,1.0
postpone,-1.0
postponed,-1.0
postponement,-1.0
postponements,-1.0
postpones,-1.0
postponing,-1.0
precipitated,-1.0
precipitous,-1.0
precipitously,-1.0
preclude,-1.0
precluded,-1.0
precludes,-1.0
precluding,-1.0
predatory,-1.0
preeminence,1.0
preeminent,1.0
prejudice,-1.0
prejudiced,-1.0
prejudices,-1.0
prejudicial,-1.0
prejudicing,-1.0
premature,-1.0
prematurely,-1.0
premier,1.0
premiere,1.0
pressing,-1.0
prestige,1.0
prestigious,1.0
pretrial,-1.0
preventing,-1.0
prevention,-1.0
prevents,-1.0
proactive,1.0
proactively,1.0
problem,-1.0
problematic,-1.0
problematical,-1.0
problems,-1.0
proficiency,1.0
proficient,1.0
proficiently,1.0
profitability,1.0
profitable,1.0
profitably,1.0
progress,1.0
progressed,1.0
progresses,1.0
progressing,1.0
prolong,-1.0
prolongation,-1.0
prolongations,-1.0
prolonged,-1.0
prolonging,-1.0
prolongs,-1.0
prone,-1.0
prosecute,-1.0
prosecuted,-1.0
prosecutes,-1.0
prosecuting,-1.0
prosecution,-1.0
prosecutions,-1.0
prospered,1.0
prospering,1.0
prosperity,1.0
prosperous,1.0
prospers,1.0
protest,-1.0
protested,-1.0
protester,-1.0
protesters,-1.0
protesting,-1.0
protestor,-1.0
protestors,-1.0
protests,-1.0
protracted,-1.0
protraction,-1.0
provoke,-1.0
provoked,-1.0
provokes,-1.0
provoking,-1.0
punished,-1.0
punishes,-1.0
punishing,-1.0
punishment,-1.0
punishments,-1.0
punitive,-1.0
purport,-1.0
purported,-1.0
purportedly,-1.0
purporting,-1.0
purports,-1.0
question,-1.0
questionable,-1.0
questionably,-1.0
questioned,-1.0
questioning,-1.0
questions,-1.0
quit,-1.0
quitting,-1.0
racketeer,-1.0
racketeering,-1.0
rationalization,-1.0
rationalizations,-1.0
rationalize,-1.0
rationalized,-1.0
rationalizes,-1.0
rationalizing,-1.0
reassessment,-1.0
reassessments,-1.0
reassign,-1.0
reassigned,-1.0
reassigning,-1.0
reassignment,-1.0
reassignments,-1.0
reassigns,-1.0
rebound,1.0
rebounded,1.0
rebounding,1.0
recall,-1.0
recalled,-1.0
recalling,-1.0
recalls,-1.0
receptive,1.0
recession,-1.0
recessionary,-1.0
recessions,-1.0
reckless,-1.0
recklessly,-1.0
recklessness,-1.0
redact,-1.0
redacted,-1.0
redacting,-1.0
redaction,-1.0
redactions,-1.0
redefault,-1.0
redefaulted,-1.0
redefaults,-1.0
redress,-1.0
redressed,-1.0
redresses,-1.0
redressing,-1.0
refusal,-1.0
refusals,-1.0
refuse,-1.0
refused,-1.0
refuses,-1.0
refusing,-1.0
regain,1.0
regained,1.0
regaining,1.0
reject,-1.0
rejected,-1.0
rejecting,-1.0
rejection,-1.0
rejections,-1.0
rejects,-1.0
relinquish,-1.0
relinquished,-1.0
relinquishes,-1.0
relinquishing,-1.0
relinquishment,-1.0
relinquishments,-1.0
reluctance,-1.0
reluctant,-1.0
renegotiate,-1.0
renegotiated,-1.0
renegotiates,-1.0
renegotiating,-1.0
renegotiation,-1.0
renegotiations,-1.0
renounce,-1.0
renounced,-1.0
renouncement,-1.0
renouncements,-1.0
renounces,-1.0
renouncing,-1.0
reparation,-1.0
reparations,-1.0
repossessed,-1.0
repossesses,-1.0
repossessing,-1.0
repossession,-1.0
repossessions,-1.0
repudiate,-1.0
repudiated,-1.0
repudiates,-1.0
repudiating,-1.0
repudiation,-1.0
repudiations,-1.0
resign,-1.0
resignation,-1.0
resignations,-1.0
resigned,-1.0
resigning,-1.0
resigns,-1.0
resolve,1.0
restate,-1.0
restated,-1.0
restatement,-1.0
restatements,-1.0
restates,-1.0
restating,-1.0
restructure,-1.0
restructured,-1.0
restructures,-1.0
restructuring,-1.0
restructurings,-1.0
retaliate,-1.0
retaliated,-1.0
retaliates,-1.0
retaliating,-1.0
retaliation,-1.0
retaliations,-1.0
retaliatory,-1.0
retribution,-1.0
retributions,-1.0
revocation,-1.0
revocations,-1.0
revoke,-1.0
revoked,-1.0
revokes,-1.0
revoking,-1.0
revolutionize,1.0
revolutionized,1.0
revolutionizes,1.0
revolutionizing,1.0
reward,1.0
rewarded,1.0
rewarding,1.0
rewards,1.0
ridicule,-1.0
ridiculed,-1.0
ridicules,-1.0
ridiculing,-1.0
riskier,-1.0
riskiest,-1.0
risky,-1.0
sabotage,-1.0
sacrifice,-1.0
sacrificed,-1.0
sacrifices,-1.0
sacrificial,-1.0
sacrificing,-1.0
satisfaction,1.0
satisfactorily,1.0
satisfactory,1.0
satisfied,1.0
satisfies,1.0
satisfy,1.0
satisfying,1.0
scandalous,-1.0
scandals,-1.0
scrutinize,-1.0
scrutinized,-1.0
scrutinizes,-1.0
scrutinizing,-1.0
scrutiny,-1.0
secrecy,-1.0
seize,-1.0
seized,-1.0
seizes,-1.0
seizing,-1.0
sentenced,-1.0
sentencing,-1.0
serious,-1.0
seriously,-1.0
seriousness,-1.0
setback,-1.0
setbacks,-1.0
sever,-1.0
severe,-1.0
severed,-1.0
severely,-1.0
severities,-1.0
severity,-1.0
sharply,-1.0
shocked,-1.0
shortage,-1.0
shortages,-1.0
shortfall,-1.0
shortfalls,-1.0
shrinkage,-1.0
shrinkages,-1.0
shut,-1.0
shutdown,-1.0
shutdowns,-1.0
shuts,-1.0
shutting,-1.0
slander,-1.0
slandered,-1.0
slanderous,-1.0
slanders,-1.0
slippage,-1.0
slippages,-1.0
slow,-1.0
slowdown,-1.0
slowdowns,-1.0
slowed,-1.0
slower,-1.0
slowest,-1.0
slowing,-1.0
slowly,-1.0
slowness,-1.0
sluggish,-1.0
sluggishly,-1.0
sluggishness,-1.0
smooth,1.0
smoothing,1.0
smoothly,1.0
smooths,1.0
solvencies,-1.0
solvency,-1.0
solves,1.0
solving,1.0
spam,-1.0
spammers,-1.0
spamming,-1.0
spectacular,1.0
spectacularly,1.0
stability,1.0
stabilization,1.0
stabilizations,1.0
stabilize,1.0
stabilized,1.0
stabilizes,1.0
stabilizing,1.0
stable,1.0
staggering,-1.0
stagnant,-1.0
stagnate,-1.0
stagnated,-1.0
stagnates,-1.0
stagnating,-1.0
stagnation,-1.0
standstill,-1.0
standstills,-1.0
stolen,-1.0
stoppage,-1.0
stoppages,-1.0
stopped,-1.0
stopping,-1.0
stops,-1.0
strain,-1.0
strained,-1.0
straining,-1.0
strains,-1.0
strength,1.0
strengthen,1.0
strengthened,1.0
strengthening,1.0
strengthens,1.0
strengths,1.0
stress,-1.0
stressed,-1.0
stresses,-1.0
stressful,-1.0
stressing,-1.0
stringent,-1.0
strong,1.0
stronger,1.0
strongest,1.0
subjected,-1.0
subjecting,-1.0
subjection,-1.0
subpoena,-1.0
subpoenaed,-1.0
subpoenas,-1.0
substandard,-1.0
succeed,1.0
succeeded,1.0
succeeding,1.0
succeeds,1.0
success,1.0
successes,1.0
successful,1.0
successfully,1.0
sue,-1.0
sued,-1.0
sues,-1.0
suffer,-1.0
suffered,-1.0
suffering,-1.0
suffers,-1.0
suing,-1.0
summoned,-1.0
summoning,-1.0
summons,-1.0
summonses,-1.0
superior,1.0
surpass,1.0
surpassed,1.0
surpasses,1.0
surpassing,1.0
susceptibility,-1.0
susceptible,-1.0
suspect,-1.0
suspected,-1.0
suspects,-1.0
suspend,-1.0
suspended,-1.0
suspending,-1.0
suspends,-1.0
suspension,-1.0
suspensions,-1.0
suspicion,-1.0
suspicions,-1.0
suspicious,-1.0
suspiciously,-1.0
taint,-1.0
tainted,-1.0
tainting,-1.0
taints,-1.0
tampered,-1.0
tense,-1.0
terminate,-1.0
terminated,-1.0
terminates,-1.0
terminating,-1.0
termination,-1.0
terminations,-1.0
testify,-1.0
testifying,-1.0
threat,-1.0
threaten,-1.0
threatened,-1.0
threatening,-1.0
threatens,-1.0
threats,-1.0
tightening,-1.0
tolerate,-1.0
tolerated,-1.0
tolerates,-1.0
tolerating,-1.0
toleration,-1.0
tortuous,-1.0
tortuously,-1.0
tragedies,-1.0
tragedy,-1.0
tragic,-1.0
tragically,-1.0
transparency,1.0
traumatic,-1.0
tremendous,1.0
tremendously,1.0
trouble,-1.0
troubled,-1.0
troubles,-1.0
turbulence,-1.0
turmoil,-1.0
unable,-1.0
unacceptable,-1.0
unacceptably,-1.0
unaccounted,-1.0
unannounced,-1.0
unanticipated,-1.0
unapproved,-1.0
unattractive,-1.0
unauthorized,-1.0
unavailability,-1.0
unavailable,-1.0
unavoidable,-1.0
unavoidably,-1.0
unaware,-1.0
uncollectable,-1.0
uncollected,-1.0
uncollectibility,-1.0
uncollectible,-1.0
uncollectibles,-1.0
uncompetitive,-1.0
uncompleted,-1.0
unconscionable,-1.0
unconscionably,-1.0
uncontrollable,-1.0
uncontrollably,-1.0
uncontrolled,-1.0
uncorrected,-1.0
uncover,-1.0
uncovered,-1.0
uncovering,-1.0
uncovers,-1.0
undeliverable,-1.0
undelivered,-1.0
undercapitalized,-1.0
undercut,-1.0
undercuts,-1.0
undercutting,-1.0
underestimate,-1.0
underestimated,-1.0
underestimates,-1.0
underestimating,-1.0
underestimation,-1.0
underfunded,-1.0
underinsured,-1.0
undermine,-1.0
undermined,-1.0
undermines,-1.0
undermining,-1.0
underpaid,-1.0
underpayment,-1.0
underpayments,-1.0
underpays,-1.0
underperform,-1.0
underperformance,-1.0
underperformed,-1.0
underperforming,-1.0
underperforms,-1.0
underproduced,-1.0
underproduction,-1.0
underreporting,-1.0
understate,-1.0
understated,-1.0
understatement,-1.0
understatements,-1.0
understates,-1.0
understating,-1.0
underutilization,-1.0
underutilized,-1.0
undesirable,-1.0
undesired,-1.0
undetected,-1.0
undetermined,-1.0
undisclosed,-1.0
undocumented,-1.0
undue,-1.0
unduly,-1.0
uneconomic,-1.0
uneconomical,-1.0
uneconomically,-1.0
unemployed,-1.0
unemployment,-1.0
unethical,-1.0
unethically,-1.0
unexcused,-1.0
unexpected,-1.0
unexpectedly,-1.0
unfair,-1.0
unfairly,-1.0
unfavorability,-1.0
unfavorable,-1.0
unfavorably,-1.0
unfavourable,-1.0
unfeasible,-1.0
unfit,-1.0
unfitness,-1.0
unforeseeable,-1.0
unforeseen,-1.0
unforseen,-1.0
unfortunate,-1.0
unfortunately,-1.0
unfounded,-1.0
unfriendly,-1.0
unfulfilled,-1.0
unfunded,-1.0
uninsured,-1.0
unintended,-1.0
unintentional,-1.0
unintentionally,-1.0
unjust,-1.0
unjustifiable,-1.0
unjustifiably,-1.0
unjustified,-1.0
unjustly,-1.0
unknowing,-1.0
unknowingly,-1.0
unlawful,-1.0
unlawfully,-1.0
unlicensed,-1.0
unliquidated,-1.0
unmarketable,-1.0
unmatched,1.0
unmerchantable,-1.0
unmeritorious,-1.0
unnecessarily,-1.0
unnecessary,-1.0
unneeded,-1.0
unobtainable,-1.0
unoccupied,-1.0
unpaid,-1.0
unparalleled,1.0
unperformed,-1.0
unplanned,-1.0
unpopular,-1.0
unpredictability,-1.0
unpredictable,-1.0
unpredictably,-1.0
unpredicted,-1.0
unproductive,-1.0
unprofitability,-1.0
unprofitable,-1.0
unqualified,-1.0
unrealistic,-1.0
unreasonable,-1.0
unreasonableness,-1.0
unreasonably,-1.0
unreceptive,-1.0
unrecoverable,-1.0
unrecovered,-1.0
unreimbursed,-1.0
unreliable,-1.0
unremedied,-1.0
unreported,-1.0
unresolved,-1.0
unrest,-1.0
unsafe,-1.0
unsalable,-1.0
unsaleable,-1.0
unsatisfactory,-1.0
unsatisfied,-1.0
unsavory,-1.0
unscheduled,-1.0
unsellable,-1.0
unsold,-1.0
unsound,-1.0
unstabilized,-1.0
unstable,-1.0
unsubstantiated,-1.0
unsuccessful,-1.0
unsuccessfully,-1.0
unsuitability,-1.0
unsuitable,-1.0
unsuitably,-1.0
unsuited,-1.0
unsure,-1.0
unsurpassed,1.0
unsuspected,-1.0
unsuspecting,-1.0
unsustainable,-1.0
untenable,-1.0
untimely,-1.0
untrusted,-1.0
untruth,-1.0
untruthful,-1.0
untruthfully,-1.0
untruthfulness,-1.0
untruths,-1.0
unusable,-1.0
unwanted,-1.0
unwarranted,-1.0
unwelcome,-1.0
unwilling,-1.0
unwillingness,-1.0
upset,-1.0
upturn,1.0
upturns,1.0
urgency,-1.0
urgent,-1.0
usurious,-1.0
usurp,-1.0
usurped,-1.0
usurping,-1.0
usurps,-1.0
usury,-1.0
valuable,1.0
vandalism,-1.0
verdict,-1.0
verdicts,-1.0
versatile,1.0
versatility,1.0
vetoed,-1.0
vibrancy,1.0
vibrant,1.0
victims,-1.0
violate,-1.0
violated,-1.0
violates,-1.0
violating,-1.0
violation,-1.0
violations,-1.0
violative,-1.0
violator,-1.0
violators,-1.0
violence,-1.0
violent,-1.0
violently,-1.0
vitiate,-1.0
vitiated,-1.0
vitiates,-1.0
vitiating,-1.0
vitiation,-1.0
voided,-1.0
voiding,-1.0
volatile,-1.0
volatility,-1.0
vulnerabilities,-1.0
vulnerability,-1.0
vulnerable,-1.0
vulnerably,-1.0
warn,-1.0
warned,-1.0
warning,-1.0
warnings,-1.0
warns,-1.0
wasted,-1.0
wasteful,-1.0
wasting,-1.0
weak,-1.0
weaken,-1.0
weakened,-1.0
weakening,-1.0
weakens,-1.0
weaker,-1.0
weakest,-1.0
weakly,-1.0
weakness,-1.0
weaknesses,-1.0
willfully,-1.0
win,1.0
winner,1.0
winners,1.0
winning,1.0
worries,-1.0
worry,-1.0
worrying,-1.0
worse,-1.0
worsen,-1.0
worsened,-1.0
worsening,-1.0
worsens,-1.0
worst,-1.0
worthless,-1.0
worthy,1.0
writedown,-1.0
writedowns,-1.0
writeoff,-1.0
writeoffs,-1.0
wrong,-1.0
wrongdoing,-1.0
wrongdoings,-1.0
wrongful,-1.0
wrongfully,-1.0
wrongly,-1.0
